EORI,Name,Address,Country,Exporter,Declarant
GR001471524935,Olympic-Export IKE,"Port Boulevard 70, Thessaloniki, GR",GR,1,1
GR010646189989,Trading International O.E.,"Industrial Street 39, Athens, GR",GR,1,1
GR010845376105,Aegean Global Group IKE,"Commercial Boulevard 183, Athens, GR",GR,1,1
GR012671867421,Enterprise Nikolaou O.E.,"Export Avenue 106, Larissa, GR",GR,1,1
GR016209741641,Greek-Exchange E.E.,"Corporate Boulevard 121, Heraklion, GR",GR,1,1
GR016660533431,United Trade Trading E.P.E.,"Export Road 74, Thessaloniki, GR",GR,1,1
GR018391371377,Antoniou & Vasileiou E.P.E.,"Logistics Boulevard 168, Athens, GR",GR,1,1
GR023804524078,Aegean-Business MEPE,"Commerce Boulevard 155, Thessaloniki, GR",GR,1,1
GR024931458660,Greek Universal Services E.P.E.,"Harbor Boulevard 108, Thessaloniki, GR",GR,0,1
GR026769092746,Business International A.E.,"Harbor Road 4, Patras, GR",GR,1,1
GR031145197341,Hellenic United Global IKE,"Commerce Boulevard 113, Thessaloniki, GR",GR,1,1
GR032170099867,Hellenic Unsurpassed Export E.P.E.,"Export Road 52, Larissa, GR",GR,1,1
GR036044797732,Hellenic-Multinational E.P.E.,"Industry Road 89, Larissa, GR",GR,1,1
GR038705995808,Global & Export IKE,"Business Avenue 192, Thessaloniki, GR",GR,1,1
GR039126492111,Mercantile & Trading IKE,"Distribution Boulevard 187, Larissa, GR",GR,1,1
GR044009049731,Commercial Commerce A.E.,"Manufacturing Street 191, Heraklion, GR",GR,1,1
GR044688334250,Agile Universal Mercantile A.E.,"Economic Square 112, Thessaloniki, GR",GR,1,1
GR048460229964,Classic Worldwide Trading O.E.,"Trade Square 142, Thessaloniki, GR",GR,1,1
GR052291065898,Business Papadakis E.E.,"Enterprise Street 129, Athens, GR",GR,1,1
GR052610898780,Mediterranean Venerable Multinational E.E.,"Export Avenue 55, Athens, GR",GR,1,1
GR055518373137,Exchange International E.P.E.,"Industrial Square 186, Patras, GR",GR,1,1
GR057213513322,Andreou & Andreou A.E.,"Export Avenue 99, Thessaloniki, GR",GR,1,1
GR060289952052,Universal Vasileiou O.E.,"Enterprise Boulevard 149, Larissa, GR",GR,1,1
GR061705012223,Greek-Mercantile MEPE,"Harbor Square 21, Larissa, GR",GR,1,1
GR063095989719,Commercial Import-Export O.E.,"Port Road 139, Thessaloniki, GR",GR,1,1
GR064714678274,Dimitriou Commercial MEPE,"Trade Road 74, Patras, GR",GR,1,1
GR067887360027,Greek Commercial Group E.P.E.,"Industrial Square 52, Heraklion, GR",GR,1,1
GR073015062151,Worldwide Antoniou E.P.E.,"Corporate Square 129, Heraklion, GR",GR,1,1
GR077912524588,Market MEPE Olympic,"Trade Boulevard 189, Larissa, GR",GR,1,1
GR078456238500,Greek Global Group E.E.,"Commercial Road 171, Patras, GR",GR,1,1
GR080454773057,Nikolaou & Papadakis A.E.,"Economic Road 104, Heraklion, GR",GR,1,1
GR080811338583,Enterprise E.P.E. Hellenic,"Logistics Square 43, Thessaloniki, GR",GR,1,1
GR081813392086,Olympic Universal E.E.,"Trade Avenue 123, Athens, GR",GR,1,1
GR083699871189,Olympic Commerce Group IKE,"Commercial Road 129, Patras, GR",GR,1,1
GR085308707798,Mercantile & Multinational A.E.,"Industrial Road 58, Athens, GR",GR,1,1
GR086397424169,Global E.E. Mediterranean,"Commercial Boulevard 21, Thessaloniki, GR",GR,1,1
GR091855999621,Trade International O.E.,"Harbor Road 122, Athens, GR",GR,1,1
GR098302641233,Athens Apex Commercial E.P.E.,"Commerce Boulevard 200, Patras, GR",GR,1,1
GR100870999947,Trading Import-Export MEPE,"Industry Road 58, Heraklion, GR",GR,1,1
GR101946878890,Universal International A.E.,"Economic Road 19, Heraklion, GR",GR,1,1
GR102244445257,Papadopoulos Export IKE,"Economic Road 150, Athens, GR",GR,1,1
GR105501996254,Athens-Exchange A.E.,"Factory Avenue 71, Larissa, GR",GR,1,1
GR105888109458,Euro-Trade E.E.,"Commerce Street 83, Patras, GR",GR,1,1
GR106741422443,Export & Multinational E.P.E.,"Distribution Boulevard 118, Larissa, GR",GR,1,1
GR108470284061,Vasileiou Market E.P.E.,"Logistics Square 136, Thessaloniki, GR",GR,1,1
GR109347634217,Export Trading MEPE,"Market Square 86, Athens, GR",GR,1,1
GR109994049095,Business Commerce IKE,"Distribution Street 26, Larissa, GR",GR,1,1
GR110270672009,Mercantile & Multinational O.E.,"Business Road 105, Patras, GR",GR,1,1
GR110869364112,Athens Superior Multinational O.E.,"Manufacturing Boulevard 17, Heraklion, GR",GR,1,1
GR111318478745,Greek-Universal E.E.,"Trade Street 187, Patras, GR",GR,1,1
GR111545109294,Global A.E. Mediterranean,"Market Road 113, Patras, GR",GR,1,1
GR112584876993,Incomparable Enterprise Import-Export IKE,"Commercial Boulevard 184, Thessaloniki, GR",GR,1,1
GR112812879591,Andreou Enterprise E.E.,"Harbor Road 140, Athens, GR",GR,1,1
GR116037994600,Global Trading IKE,"Distribution Street 56, Heraklion, GR",GR,1,1
GR116594626553,International & Global MEPE,"Industry Boulevard 34, Larissa, GR",GR,1,1
GR117022376063,Giannakos Commercial O.E.,"Warehouse Avenue 138, Heraklion, GR",GR,1,1
GR118263736728,Universal Dimitriou IKE,"Distribution Boulevard 1, Athens, GR",GR,1,1
GR118426224170,Aegean-Global A.E.,"Corporate Avenue 181, Athens, GR",GR,1,1
GR118887731622,Greek Trusted Enterprise E.E.,"Corporate Boulevard 62, Athens, GR",GR,1,1
GR119849480664,Commerce Commerce O.E.,"Enterprise Street 10, Thessaloniki, GR",GR,1,1
GR123615488153,Euro-Market A.E.,"Industry Boulevard 16, Athens, GR",GR,1,1
GR124994249041,Mediterranean-Universal E.E.,"Distribution Road 96, Heraklion, GR",GR,1,1
GR127496012551,Unparalleled Enterprise Import-Export E.E.,"Harbor Avenue 113, Patras, GR",GR,1,1
GR128714427340,Exchange & Export E.P.E.,"Port Boulevard 38, Thessaloniki, GR",GR,1,1
GR129712165853,Northern Enterprise Mercantile O.E.,"Port Avenue 134, Heraklion, GR",GR,1,1
GR129894636600,Enterprise International E.P.E.,"Factory Avenue 120, Heraklion, GR",GR,1,1
GR130485677372,Exchange E.P.E. Greek,"Industrial Road 175, Thessaloniki, GR",GR,1,1
GR132974971348,Olympic-Mercantile O.E.,"Export Boulevard 94, Heraklion, GR",GR,1,1
GR133289770235,Euro-Enterprise IKE,"Harbor Road 99, Heraklion, GR",GR,1,1
GR133955121793,Commercial IKE Hellenic,"Enterprise Avenue 95, Patras, GR",GR,1,1
GR136171606236,Papadakis & Andreou O.E.,"Economic Boulevard 48, Thessaloniki, GR",GR,1,1
GR137056475650,Antoniou Export O.E.,"Harbor Boulevard 22, Larissa, GR",GR,1,1
GR137555062680,Mediterranean Universal MEPE,"Trade Boulevard 21, Athens, GR",GR,1,1
GR138997092354,Hellenic Commerce Group E.E.,"Corporate Boulevard 130, Heraklion, GR",GR,1,1
GR140240478447,Commerce Papadopoulos E.E.,"Port Road 116, Thessaloniki, GR",GR,1,1
GR143073285711,Multinational & International O.E.,"Market Road 71, Patras, GR",GR,1,1
GR144270947087,Antoniou & Vasileiou MEPE,"Harbor Avenue 38, Heraklion, GR",GR,1,1
GR144728751600,International Papadopoulos IKE,"Commerce Square 185, Heraklion, GR",GR,1,1
GR147602010048,Mediterranean Market O.E.,"Industrial Boulevard 159, Thessaloniki, GR",GR,1,1
GR151704264073,Mercantile E.E. Olympic,"Harbor Street 118, Patras, GR",GR,1,1
GR153868817452,Multinational International O.E.,"Port Avenue 35, Thessaloniki, GR",GR,1,1
GR154282170185,Trade & Commercial IKE,"Industrial Square 44, Larissa, GR",GR,1,1
GR159187840156,Giannakos Enterprise IKE,"Industry Street 118, Larissa, GR",GR,1,1
GR159412916389,Superlative Trading Distributors O.E.,"Industry Square 190, Patras, GR",GR,0,1
GR160194440758,Commercial International E.E.,"Industry Avenue 168, Patras, GR",GR,1,1
GR166407462272,Alexiou & Alexiou MEPE,"Harbor Avenue 189, Athens, GR",GR,1,1
GR167583760367,Athens-Commerce E.E.,"Commercial Avenue 3, Patras, GR",GR,1,1
GR169315430168,Market Mercantile IKE,"Manufacturing Avenue 93, Larissa, GR",GR,1,1
GR169371187373,Market Antoniou O.E.,"Distribution Street 178, Athens, GR",GR,1,1
GR169578406169,Commercial A.E. Hellenic,"Corporate Boulevard 85, Thessaloniki, GR",GR,1,1
GR169701493645,Antoniou & Alexiou IKE,"Market Street 96, Thessaloniki, GR",GR,1,1
GR173793431511,Hellenic Sublime Enterprise O.E.,"Export Boulevard 75, Larissa, GR",GR,1,1
GR180989142685,Hellenic-Trade O.E.,"Industrial Boulevard 3, Thessaloniki, GR",GR,1,1
GR182178091823,Mercantile & Exchange E.P.E.,"Enterprise Avenue 30, Athens, GR",GR,1,1
GR187013035698,Vasileiou Enterprise E.P.E.,"Manufacturing Avenue 125, Thessaloniki, GR",GR,1,1
GR187659401834,Euro-Trade E.P.E.,"Warehouse Street 148, Patras, GR",GR,1,1
GR189581535033,Market & International A.E.,"Business Boulevard 178, Larissa, GR",GR,1,1
GR191656266510,Business Commerce O.E.,"Manufacturing Avenue 109, Athens, GR",GR,1,1
GR192105819502,Mercantile IKE Greek,"Manufacturing Avenue 32, Patras, GR",GR,1,1
GR192897300074,Giannakos & Papadakis A.E.,"Industry Boulevard 142, Athens, GR",GR,1,1
GR193440053852,Original Mercantile Commerce MEPE,"Enterprise Street 24, Athens, GR",GR,0,1
GR194083568687,Athens-International IKE,"Industry Street 36, Patras, GR",GR,1,1
GR196364571639,Mercantile Mercantile MEPE,"Industry Road 74, Larissa, GR",GR,1,1
GR196901670819,Commerce International O.E.,"Business Road 51, Larissa, GR",GR,1,1
GR198762834878,Greek-Multinational A.E.,"Commercial Street 3, Patras, GR",GR,1,1
GR203129904395,Euro-Mercantile E.P.E.,"Industry Square 87, Thessaloniki, GR",GR,1,1
GR203479830233,Athens-Multinational IKE,"Market Square 53, Patras, GR",GR,1,1
GR204029708026,Hellenic United Multinational MEPE,"Factory Street 86, Athens, GR",GR,1,1
GR204665433084,Trading Mercantile IKE,"Enterprise Street 174, Athens, GR",GR,1,1
GR206357881965,Vasileiou & Antoniou E.E.,"Port Square 60, Heraklion, GR",GR,1,1
GR206365222038,Hellenic Progressive Trade E.P.E.,"Enterprise Boulevard 123, Larissa, GR",GR,1,1
GR206867034839,International International IKE,"Warehouse Avenue 1, Patras, GR",GR,1,1
GR209675787045,Trusted Universal Trading IKE,"Manufacturing Avenue 55, Heraklion, GR",GR,1,1
GR213516391170,Mediterranean Renowned Mercantile IKE,"Commerce Road 17, Patras, GR",GR,1,1
GR220380166729,Greek-Commerce A.E.,"Factory Square 67, Athens, GR",GR,1,1
GR221690383745,Georgiou & Antoniou IKE,"Business Square 21, Thessaloniki, GR",GR,1,1
GR226682826098,Global International IKE,"Industrial Street 160, Athens, GR",GR,1,1
GR227620151165,Greek Worldwide O.E.,"Commercial Avenue 64, Thessaloniki, GR",GR,1,1
GR230268791744,Trusted Enterprise Distributors E.E.,"Market Road 195, Larissa, GR",GR,1,1
GR231766804199,Enterprise Group E.E.,"Factory Square 182, Heraklion, GR",GR,0,1
GR233407739321,Hellenic Premium Commerce A.E.,"Warehouse Street 16, Patras, GR",GR,1,1
GR234179658760,Aegean Progressive Market IKE,"Port Avenue 109, Athens, GR",GR,1,1
GR237090591292,Multinational MEPE Mediterranean,"Harbor Avenue 3, Athens, GR",GR,1,1
GR239386332921,Aegean Reliable Enterprise E.P.E.,"Factory Road 120, Patras, GR",GR,1,1
GR239843443515,Worldwide Andreou A.E.,"Commercial Boulevard 189, Patras, GR",GR,1,1
GR242955797917,Multinational O.E. Aegean,"Commercial Road 114, Thessaloniki, GR",GR,1,1
GR243232525597,Commercial & Universal E.E.,"Commercial Avenue 78, Thessaloniki, GR",GR,1,1
GR244499379854,Mediterranean Sustainable Market E.E.,"Port Street 133, Patras, GR",GR,1,1
GR244559715125,Unsurpassed Business Import-Export MEPE,"Manufacturing Street 180, Athens, GR",GR,1,1
GR246788213793,International MEPE Olympic,"Warehouse Street 2, Athens, GR",GR,1,1
GR248925083905,Greek-Exchange A.E.,"Corporate Square 199, Heraklion, GR",GR,1,1
GR250727254110,Export E.P.E. Aegean,"Commerce Street 190, Larissa, GR",GR,1,1
GR250783435790,Hellenic Global E.P.E.,"Enterprise Avenue 21, Larissa, GR",GR,0,1
GR251375409027,Athens Progressive International E.P.E.,"Market Square 7, Patras, GR",GR,1,1
GR252597839040,Papadakis & Giannakos MEPE,"Port Boulevard 172, Patras, GR",GR,1,1
GR253773401182,Olympic Enterprise O.E.,"Export Square 20, Patras, GR",GR,1,1
GR257628098913,Hellenic Trading Group E.E.,"Warehouse Avenue 152, Thessaloniki, GR",GR,1,1
GR258128542813,Universal & Trade MEPE,"Trade Square 34, Larissa, GR",GR,1,1
GR258522679332,Euro-Multinational IKE,"Commercial Street 134, Patras, GR",GR,1,1
GR259085437742,Hellenic Universal Group IKE,"Harbor Square 79, Larissa, GR",GR,1,1
GR263041829153,Mercantile Distributors MEPE,"Logistics Street 186, Larissa, GR",GR,1,1
GR263088478730,Prime Commerce Trading O.E.,"Market Square 167, Patras, GR",GR,1,1
GR265726659569,Euro-International O.E.,"Industry Street 112, Heraklion, GR",GR,1,1
GR265756829775,Commercial Import-Export IKE,"Harbor Boulevard 134, Heraklion, GR",GR,1,1
GR266215821782,Nikolaou & Alexiou E.P.E.,"Distribution Street 186, Thessaloniki, GR",GR,1,1
GR267272916878,Enterprise International MEPE,"Commercial Road 38, Heraklion, GR",GR,1,1
GR275900476230,International Commerce O.E.,"Commerce Street 83, Thessaloniki, GR",GR,1,1
GR278154915324,Nikolaou & Dimitriou MEPE,"Port Square 11, Heraklion, GR",GR,1,1
GR279682451463,Trade International IKE,"Warehouse Square 165, Thessaloniki, GR",GR,1,1
GR279993551736,Exemplary Multinational Commerce E.P.E.,"Logistics Boulevard 154, Thessaloniki, GR",GR,1,1
GR282801073159,Trading International A.E.,"Port Square 75, Heraklion, GR",GR,1,1
GR283299413623,Universal & Mercantile E.P.E.,"Economic Square 83, Patras, GR",GR,1,1
GR283908955698,Euro-Universal E.E.,"Business Road 162, Thessaloniki, GR",GR,1,1
GR288135123688,Worldwide Giannakos A.E.,"Export Avenue 76, Thessaloniki, GR",GR,1,1
GR290599709554,Hellenic-Trade MEPE,"Enterprise Boulevard 38, Larissa, GR",GR,1,1
GR293308048186,Euro-Export O.E.,"Enterprise Street 131, Athens, GR",GR,1,1
GR295345413506,Enterprise International IKE,"Trade Boulevard 5, Thessaloniki, GR",GR,1,1
GR297310904595,Greek Established Commercial A.E.,"Economic Avenue 89, Athens, GR",GR,1,1
GR299231973663,Enterprise MEPE Hellenic,"Commercial Square 194, Athens, GR",GR,1,1
GR302037707064,Commerce E.P.E. Aegean,"Corporate Boulevard 24, Thessaloniki, GR",GR,1,1
GR303234709775,Magnificent Business Distributors O.E.,"Commercial Boulevard 162, Larissa, GR",GR,1,1
GR303474035937,Topmost Exchange Distributors A.E.,"Commerce Square 97, Athens, GR",GR,1,1
GR308109034311,Olympic Competitive Market MEPE,"Enterprise Road 182, Athens, GR",GR,1,1
GR311803421847,Trade Commerce O.E.,"Harbor Street 16, Thessaloniki, GR",GR,1,1
GR316992006270,Athens Enterprise A.E.,"Manufacturing Avenue 179, Larissa, GR",GR,1,1
GR317418828847,Commerce & Trade E.P.E.,"Commercial Avenue 99, Larissa, GR",GR,1,1
GR318825370739,Aegean Worldwide Group E.E.,"Warehouse Square 111, Heraklion, GR",GR,1,1
GR320171548463,Mediterranean Established Global O.E.,"Commercial Avenue 90, Thessaloniki, GR",GR,1,1
GR321051239428,Trading Papadopoulos MEPE,"Warehouse Street 127, Patras, GR",GR,1,1
GR321596177144,Papadopoulos Business E.P.E.,"Market Avenue 123, Patras, GR",GR,1,1
GR323454014647,Aegean Expert Enterprise E.P.E.,"Economic Road 77, Thessaloniki, GR",GR,1,1
GR325797547790,Papadopoulos & Vasileiou E.P.E.,"Industrial Square 82, Athens, GR",GR,1,1
GR328379552296,Giannakos Universal IKE,"Harbor Avenue 130, Larissa, GR",GR,1,1
GR329911485912,Exceptional Multinational Mercantile MEPE,"Distribution Square 72, Patras, GR",GR,1,1
GR331738826110,Hellenic Enterprise Group E.E.,"Trade Avenue 136, Athens, GR",GR,1,1
GR332355532733,Dimitriou & Andreou IKE,"Factory Avenue 21, Larissa, GR",GR,1,1
GR333817671167,Trade O.E. Athens,"Manufacturing Avenue 105, Patras, GR",GR,1,1
GR334065763719,Creative Exchange Distributors E.E.,"Commerce Boulevard 2, Athens, GR",GR,1,1
GR336229766459,Commerce & Enterprise MEPE,"Corporate Avenue 181, Thessaloniki, GR",GR,1,1
GR336521013296,Georgiou & Georgiou O.E.,"Commerce Avenue 119, Larissa, GR",GR,1,1
GR336664054808,Worldwide Mercantile IKE,"Manufacturing Boulevard 71, Patras, GR",GR,1,1
GR337397110484,Papadopoulos & Papadakis MEPE,"Market Street 62, Larissa, GR",GR,1,1
GR338008180675,Worldwide & Mercantile A.E.,"Trade Boulevard 160, Patras, GR",GR,1,1
GR339038873415,Export E.P.E. Athens,"Industry Square 174, Larissa, GR",GR,1,1
GR339735500983,Market Mercantile A.E.,"Corporate Road 105, Heraklion, GR",GR,1,1
GR344046412902,Worldwide Import-Export A.E.,"Business Road 189, Heraklion, GR",GR,1,1
GR345821186165,Hellenic Commerce Group MEPE,"Manufacturing Boulevard 199, Thessaloniki, GR",GR,1,1
GR349454647002,Olympic Trade A.E.,"Distribution Avenue 155, Heraklion, GR",GR,1,1
GR350083381708,Mercantile E.E. Hellenic,"Market Road 136, Thessaloniki, GR",GR,1,1
GR350875111120,Elite Commercial Commerce IKE,"Industrial Road 48, Patras, GR",GR,1,1
GR352445112430,Trading Antoniou E.E.,"Factory Road 68, Patras, GR",GR,1,1
GR352606706658,Trading MEPE Olympic,"Commercial Road 89, Thessaloniki, GR",GR,1,1
GR352845354946,Greek Exchange Group O.E.,"Industry Street 125, Thessaloniki, GR",GR,1,1
GR355817379440,Euro-Business IKE,"Industry Square 76, Larissa, GR",GR,1,1
GR358318277513,Euro-Global E.P.E.,"Port Boulevard 2, Larissa, GR",GR,1,1
GR358930052948,Dimitriou Trading A.E.,"Port Road 108, Thessaloniki, GR",GR,1,1
GR363255474217,Euro-Commercial E.E.,"Port Avenue 5, Patras, GR",GR,1,1
GR363989778005,Euro-Export MEPE,"Economic Boulevard 97, Patras, GR",GR,1,1
GR364012161339,Multinational Group O.E.,"Commerce Square 8, Athens, GR",GR,0,1
GR366798074463,Athens Pinnacle Mercantile IKE,"Factory Boulevard 76, Athens, GR",GR,1,1
GR369519816899,Georgiou & Papadopoulos E.P.E.,"Factory Road 200, Thessaloniki, GR",GR,1,1
GR371128605434,Olympic Commercial Group E.E.,"Industrial Avenue 68, Thessaloniki, GR",GR,1,1
GR374854468522,Trade Papadakis MEPE,"Commercial Avenue 2, Thessaloniki, GR",GR,1,1
GR376314195685,Global E.E. Olympic,"Trade Boulevard 152, Heraklion, GR",GR,1,1
GR376992566132,Greek Commerce IKE,"Export Avenue 41, Larissa, GR",GR,0,1
GR381776392414,Greek-Worldwide IKE,"Commerce Avenue 51, Heraklion, GR",GR,1,1
GR385124890255,Papadakis Business E.P.E.,"Economic Boulevard 126, Larissa, GR",GR,1,1
GR388750094839,Commercial Partners IKE,"Industry Avenue 156, Thessaloniki, GR",GR,0,1
GR394203161683,Quintessential Business Import-Export E.P.E.,"Enterprise Road 72, Heraklion, GR",GR,1,1
GR396912822772,Universal Import-Export MEPE,"Market Road 120, Larissa, GR",GR,1,1
GR400824997737,Mercantile Andreou E.E.,"Corporate Avenue 56, Larissa, GR",GR,1,1
GR400969666869,Hellenic-Market E.E.,"Commerce Square 88, Heraklion, GR",GR,1,1
GR401655184652,Western Export Import-Export A.E.,"Harbor Boulevard 96, Heraklion, GR",GR,1,1
GR405361117462,Business & Commerce IKE,"Commerce Boulevard 9, Athens, GR",GR,1,1
GR408260255978,Greek International MEPE,"Commercial Avenue 187, Larissa, GR",GR,1,1
GR409216811097,Papadakis & Nikolaou A.E.,"Harbor Avenue 65, Thessaloniki, GR",GR,1,1
GR411173716851,Hellenic Pioneering Exchange MEPE,"Export Boulevard 5, Larissa, GR",GR,1,1
GR413091738200,Global A.E. Hellenic,"Distribution Avenue 84, Larissa, GR",GR,1,1
GR413892897886,Business International E.P.E.,"Industrial Avenue 37, Thessaloniki, GR",GR,1,1
GR414878677759,Global & Trade E.P.E.,"Factory Boulevard 27, Athens, GR",GR,1,1
GR416686170970,Export Commerce O.E.,"Business Road 81, Athens, GR",GR,1,1
GR419070768552,Business Andreou O.E.,"Factory Boulevard 175, Heraklion, GR",GR,1,1
GR419124630477,Papadopoulos & Papadopoulos A.E.,"Economic Road 75, Athens, GR",GR,1,1
GR419937391048,Business MEPE Greek,"Logistics Avenue 137, Patras, GR",GR,1,1
GR421111607501,Export A.E. Hellenic,"Factory Square 149, Thessaloniki, GR",GR,1,1
GR421390619545,Athens Worldwide Group MEPE,"Economic Boulevard 111, Heraklion, GR",GR,1,1
GR421422170781,Andreou & Dimitriou A.E.,"Corporate Boulevard 191, Heraklion, GR",GR,1,1
GR423688626453,Global E.P.E. Olympic,"Port Street 80, Larissa, GR",GR,1,1
GR427277752496,Commerce E.E. Greek,"Factory Square 57, Heraklion, GR",GR,1,1
GR427462461335,Market & Exchange O.E.,"Factory Road 92, Athens, GR",GR,1,1
GR427900222968,Nikolaou Trading IKE,"Commerce Street 124, Heraklion, GR",GR,1,1
GR435434096280,Alexiou International E.E.,"Export Square 143, Heraklion, GR",GR,1,1
GR440125202521,Nikolaou Commercial IKE,"Logistics Square 194, Larissa, GR",GR,1,1
GR440220338046,Vasileiou & Giannakos E.P.E.,"Corporate Boulevard 97, Thessaloniki, GR",GR,1,1
GR442353311887,Mediterranean Export E.P.E.,"Warehouse Street 80, Athens, GR",GR,1,1
GR442561865321,Mercantile E.E. Mediterranean,"Industry Boulevard 151, Heraklion, GR",GR,1,1
GR445014000200,Universal E.P.E. Aegean,"Export Boulevard 87, Athens, GR",GR,1,1
GR445818465246,Aegean Enterprise MEPE,"Port Square 3, Athens, GR",GR,1,1
GR445958941339,Hellenic-Market MEPE,"Factory Street 171, Heraklion, GR",GR,1,1
GR447047326504,Nikolaou Global E.E.,"Logistics Street 175, Larissa, GR",GR,1,1
GR454104147168,Dedicated Global Trading E.E.,"Commerce Boulevard 63, Athens, GR",GR,1,1
GR460354888373,Market International O.E.,"Distribution Street 180, Heraklion, GR",GR,1,1
GR462153797905,Athens Efficient Global E.E.,"Industry Boulevard 133, Athens, GR",GR,1,1
GR469931848543,Andreou & Nikolaou O.E.,"Business Avenue 129, Larissa, GR",GR,1,1
GR473227535817,Multinational International E.E.,"Warehouse Square 24, Heraklion, GR",GR,1,1
GR482681753576,Mediterranean Precise Exchange O.E.,"Commerce Street 131, Larissa, GR",GR,1,1
GR488043655998,Papadakis Multinational E.P.E.,"Manufacturing Avenue 24, Athens, GR",GR,1,1
GR489790854283,Global & Market A.E.,"Factory Road 172, Athens, GR",GR,1,1
GR490051435076,Papadakis International MEPE,"Corporate Avenue 147, Thessaloniki, GR",GR,1,1
GR490997247778,Business & Commerce O.E.,"Warehouse Square 26, Patras, GR",GR,1,1
GR499931924077,Commerce E.E. Athens,"Industrial Road 43, Patras, GR",GR,1,1
GR500408415025,Olympic Business A.E.,"Economic Road 89, Thessaloniki, GR",GR,1,1
GR501925069803,Exchange Vasileiou MEPE,"Commerce Square 104, Larissa, GR",GR,1,1
GR502431649691,Creative Business Import-Export O.E.,"Trade Square 115, Thessaloniki, GR",GR,1,1
GR503380453327,Georgiou & Vasileiou IKE,"Industry Square 20, Larissa, GR",GR,1,1
GR503480714072,Commerce Distributors O.E.,"Factory Avenue 84, Heraklion, GR",GR,1,1
GR506939023529,Hellenic Export Group A.E.,"Export Boulevard 99, Heraklion, GR",GR,1,1
GR510485347088,Multinational Commerce IKE,"Market Avenue 75, Thessaloniki, GR",GR,1,1
GR511561850792,Enterprise & Universal E.E.,"Enterprise Road 172, Thessaloniki, GR",GR,1,1
GR512531525769,Hellenic United Worldwide A.E.,"Corporate Street 155, Patras, GR",GR,1,1
GR513750522245,Commercial Nikolaou MEPE,"Corporate Street 126, Larissa, GR",GR,1,1
GR514825824186,Olympic Mercantile Group O.E.,"Market Avenue 98, Heraklion, GR",GR,1,1
GR516339148708,Multinational Nikolaou E.E.,"Manufacturing Street 185, Heraklion, GR",GR,1,1
GR517832439680,Commercial Giannakos MEPE,"Commercial Road 46, Athens, GR",GR,1,1
GR523563879492,Commerce International A.E.,"Corporate Square 29, Heraklion, GR",GR,1,1
GR524996516382,Mediterranean Elite Market E.E.,"Business Square 26, Patras, GR",GR,1,1
GR527535648551,Mediterranean Export Group E.P.E.,"Warehouse Square 96, Athens, GR",GR,1,1
GR530080184486,Strategic Enterprise Commerce IKE,"Industrial Boulevard 31, Larissa, GR",GR,1,1
GR532239266342,Multinational Papadakis E.E.,"Industrial Boulevard 63, Thessaloniki, GR",GR,1,1
GR533583271628,Modern Global Distributors E.E.,"Market Street 75, Patras, GR",GR,1,1
GR535622917118,Euro-Trading A.E.,"Distribution Avenue 144, Larissa, GR",GR,1,1
GR535727300519,Trade Antoniou A.E.,"Market Boulevard 108, Patras, GR",GR,1,1
GR540774825734,Market Import-Export O.E.,"Trade Boulevard 191, Patras, GR",GR,1,1
GR542910538700,Market Commerce MEPE,"Warehouse Street 127, Heraklion, GR",GR,1,1
GR545488461946,Euro-Commercial IKE,"Logistics Street 134, Larissa, GR",GR,1,1
GR545861964008,Greek Export Group MEPE,"Commercial Boulevard 79, Larissa, GR",GR,1,1
GR546537755735,Global International E.E.,"Manufacturing Road 87, Athens, GR",GR,1,1
GR547135457326,International & Enterprise MEPE,"Trade Square 104, Athens, GR",GR,1,1
GR548226836515,Hellenic Exchange Group IKE,"Industrial Road 83, Patras, GR",GR,1,1
GR551043060200,Mediterranean Unrivaled Export IKE,"Trade Boulevard 25, Larissa, GR",GR,1,1
GR552123915626,Worldwide Import-Export MEPE,"Economic Avenue 67, Athens, GR",GR,1,1
GR552523519662,Worldwide Mercantile E.P.E.,"Factory Avenue 98, Athens, GR",GR,1,1
GR554080193736,Greek Established Export E.E.,"Industry Street 183, Athens, GR",GR,1,1
GR555734216155,Giannakos Mercantile E.P.E.,"Industrial Square 122, Patras, GR",GR,1,1
GR558811681380,Multinational Vasileiou E.E.,"Industrial Square 40, Athens, GR",GR,1,1
GR560492295979,Worldwide International MEPE,"Business Boulevard 95, Thessaloniki, GR",GR,1,1
GR562221347993,Andreou & Antoniou E.E.,"Manufacturing Square 190, Larissa, GR",GR,1,1
GR563078230629,Vasileiou Market IKE,"Export Square 166, Athens, GR",GR,1,1
GR565458175298,Mercantile IKE Athens,"Logistics Square 180, Athens, GR",GR,1,1
GR567195115431,Trade Import-Export MEPE,"Manufacturing Street 127, Thessaloniki, GR",GR,1,1
GR568731256471,Euro-Worldwide A.E.,"Business Square 166, Heraklion, GR",GR,1,1
GR568852794292,Preeminent Trading Import-Export O.E.,"Industrial Avenue 130, Patras, GR",GR,1,1
GR568983884087,Athens Market Group E.E.,"Commerce Square 28, Heraklion, GR",GR,1,1
GR573229517622,Export & Multinational E.E.,"Economic Street 80, Larissa, GR",GR,1,1
GR577184443450,Papadakis & Alexiou E.P.E.,"Enterprise Street 157, Athens, GR",GR,1,1
GR577863695086,Export O.E. Athens,"Manufacturing Road 126, Heraklion, GR",GR,1,1
GR580063175583,Greek Quality Global MEPE,"Market Street 5, Larissa, GR",GR,1,1
GR582406610802,Trading Vasileiou E.P.E.,"Enterprise Boulevard 162, Heraklion, GR",GR,1,1
GR585090854773,Trading Distributors O.E.,"Economic Road 186, Thessaloniki, GR",GR,1,1
GR589632449386,Mediterranean Topmost International IKE,"Trade Square 80, Heraklion, GR",GR,1,1
GR594457443845,Export Antoniou E.E.,"Industry Avenue 107, Larissa, GR",GR,1,1
GR596824834013,Nikolaou & Dimitriou IKE,"Corporate Boulevard 189, Thessaloniki, GR",GR,1,1
GR596869923532,Mediterranean Business O.E.,"Distribution Square 82, Patras, GR",GR,1,1
GR599417564798,Global Mercantile A.E.,"Factory Boulevard 78, Heraklion, GR",GR,1,1
GR599591260259,Mediterranean Market E.E.,"Factory Road 151, Larissa, GR",GR,1,1
GR600662292455,Universal International MEPE,"Factory Avenue 103, Larissa, GR",GR,1,1
GR601061783583,Export & Business A.E.,"Market Boulevard 191, Larissa, GR",GR,1,1
GR610711631517,Mercantile & Business IKE,"Export Avenue 152, Heraklion, GR",GR,1,1
GR613155872799,Exchange Trading A.E.,"Industrial Street 173, Thessaloniki, GR",GR,1,1
GR613295342594,Papadakis Commerce O.E.,"Trade Street 44, Heraklion, GR",GR,1,1
GR620033766706,Global Mercantile E.E.,"Manufacturing Street 180, Heraklion, GR",GR,1,1
GR621372250794,Athens-Business IKE,"Industry Road 60, Thessaloniki, GR",GR,1,1
GR624842735388,Commercial International E.P.E.,"Enterprise Square 74, Heraklion, GR",GR,1,1
GR627901496125,Export & Global A.E.,"Port Square 8, Heraklion, GR",GR,1,1
GR633846062324,Worldwide Papadopoulos IKE,"Corporate Square 191, Athens, GR",GR,1,1
GR634351554251,Andreou & Papadopoulos IKE,"Port Road 182, Athens, GR",GR,1,1
GR635918886702,Olympic-Global A.E.,"Manufacturing Boulevard 175, Larissa, GR",GR,1,1
GR637703095919,Antoniou & Georgiou MEPE,"Corporate Road 57, Athens, GR",GR,1,1
GR639428949656,Global O.E. Olympic,"Commerce Square 8, Heraklion, GR",GR,1,1
GR647607366539,Business & Mercantile A.E.,"Commerce Road 129, Patras, GR",GR,1,1
GR647835461417,Aegean Unsurpassed Commerce MEPE,"Warehouse Square 172, Larissa, GR",GR,1,1
GR648001555711,Athens Expert Global MEPE,"Industry Road 182, Thessaloniki, GR",GR,1,1
GR650250991138,Aegean Certified Trade MEPE,"Port Square 61, Patras, GR",GR,1,1
GR650998128627,Worldwide Commerce MEPE,"Distribution Avenue 172, Thessaloniki, GR",GR,1,1
GR653850350944,Athens Exchange MEPE,"Corporate Avenue 123, Patras, GR",GR,1,1
GR656087811642,Standard International Commerce IKE,"Enterprise Avenue 72, Heraklion, GR",GR,1,1
GR663506575991,Nikolaou & Dimitriou A.E.,"Industrial Street 51, Larissa, GR",GR,1,1
GR667866286110,Worldwide International O.E.,"Commerce Road 90, Athens, GR",GR,1,1
GR672126331905,Alexiou & Antoniou E.P.E.,"Manufacturing Boulevard 167, Patras, GR",GR,1,1
GR672500277771,Olympic Trading A.E.,"Trade Avenue 167, Larissa, GR",GR,1,1
GR673022940979,Hellenic Extraordinary International E.E.,"Economic Avenue 167, Larissa, GR",GR,1,1
GR674932869884,Worldwide Nikolaou E.E.,"Corporate Avenue 51, Heraklion, GR",GR,1,1
GR679744603221,International & Enterprise A.E.,"Harbor Avenue 152, Thessaloniki, GR",GR,1,1
GR682869163820,Aegean Trade O.E.,"Commercial Avenue 66, Heraklion, GR",GR,1,1
GR690860286401,Papadakis Commercial IKE,"Industrial Square 23, Patras, GR",GR,1,1
GR691121793352,Hellenic Responsive Commercial MEPE,"Distribution Street 29, Athens, GR",GR,1,1
GR692164651197,Business IKE Olympic,"Industrial Street 163, Larissa, GR",GR,1,1
GR693632821174,Hellenic-Worldwide IKE,"Warehouse Avenue 139, Athens, GR",GR,1,1
GR696579738703,Superlative Enterprise Import-Export E.P.E.,"Manufacturing Square 153, Athens, GR",GR,1,1
GR696687832932,Dimitriou Global MEPE,"Manufacturing Avenue 138, Athens, GR",GR,1,1
GR696892626240,Giannakos & Andreou MEPE,"Industrial Square 188, Larissa, GR",GR,1,1
GR697731091560,Enterprise & Universal IKE,"Business Road 97, Thessaloniki, GR",GR,1,1
GR698675943216,Greek-Enterprise MEPE,"Enterprise Road 42, Larissa, GR",GR,1,1
GR700847015281,Andreou Enterprise O.E.,"Logistics Street 98, Heraklion, GR",GR,1,1
GR703709688015,Alexiou International MEPE,"Industry Boulevard 182, Thessaloniki, GR",GR,1,1
GR703734838466,Andreou & Papadopoulos E.E.,"Trade Avenue 88, Athens, GR",GR,1,1
GR706177779873,Trading Alexiou MEPE,"Industry Avenue 41, Thessaloniki, GR",GR,1,1
GR706805827521,Papadopoulos Commercial A.E.,"Market Road 49, Larissa, GR",GR,1,1
GR709211306385,Aegean Global IKE,"Commerce Boulevard 137, Thessaloniki, GR",GR,1,1
GR709963058369,Worldwide International A.E.,"Trade Square 116, Larissa, GR",GR,1,1
GR712397240656,Export & Trading A.E.,"Logistics Road 7, Athens, GR",GR,1,1
GR712702199470,Enterprise International E.E.,"Economic Square 83, Larissa, GR",GR,1,1
GR713479290269,Mediterranean-Multinational MEPE,"Distribution Avenue 199, Athens, GR",GR,1,1
GR713925148007,Universal E.P.E. Mediterranean,"Industry Street 197, Patras, GR",GR,1,1
GR714668022913,Worldwide Commerce A.E.,"Industrial Square 178, Patras, GR",GR,1,1
GR714732504689,Worldwide IKE Athens,"Export Road 42, Larissa, GR",GR,1,1
GR717928146153,Athens Worldwide Group A.E.,"Industry Road 163, Heraklion, GR",GR,1,1
GR719547468474,Vasileiou Universal MEPE,"Business Avenue 191, Thessaloniki, GR",GR,1,1
GR719898438654,Universal Mercantile O.E.,"Harbor Avenue 187, Heraklion, GR",GR,1,1
GR722543605549,Hellenic Mercantile Services E.E.,"Export Street 129, Larissa, GR",GR,0,1
GR723826967535,Mediterranean Universal Group O.E.,"Corporate Square 99, Larissa, GR",GR,1,1
GR730383917950,Business & Trade E.E.,"Enterprise Street 178, Larissa, GR",GR,1,1
GR730565910004,Vasileiou Global E.E.,"Market Boulevard 60, Heraklion, GR",GR,1,1
GR731025255459,Nikolaou Mercantile O.E.,"Market Square 192, Larissa, GR",GR,1,1
GR731115142664,Andreou Commerce E.E.,"Manufacturing Boulevard 6, Larissa, GR",GR,1,1
GR732762384028,Olympic Reliable Business E.P.E.,"Export Boulevard 157, Larissa, GR",GR,1,1
GR733161287515,Global O.E. Greek,"Enterprise Road 186, Athens, GR",GR,1,1
GR739477661515,Vasileiou & Papadakis MEPE,"Trade Avenue 131, Thessaloniki, GR",GR,1,1
GR739691276397,Mediterranean Commercial Group O.E.,"Trade Boulevard 106, Larissa, GR",GR,1,1
GR740775398078,Export Mercantile A.E.,"Distribution Square 73, Thessaloniki, GR",GR,1,1
GR741998206612,Athens-Enterprise MEPE,"Distribution Street 169, Heraklion, GR",GR,1,1
GR747331827055,Olympic Market Group IKE,"Business Avenue 53, Patras, GR",GR,1,1
GR749446542110,Universal Antoniou E.P.E.,"Harbor Avenue 80, Thessaloniki, GR",GR,1,1
GR750130463983,Commercial Dimitriou A.E.,"Harbor Road 6, Patras, GR",GR,1,1
GR752272184309,Business International E.E.,"Commerce Avenue 70, Heraklion, GR",GR,1,1
GR752864869419,Business Distributors MEPE,"Economic Avenue 117, Patras, GR",GR,1,1
GR753696120822,Papadopoulos & Papadopoulos E.E.,"Industry Square 180, Patras, GR",GR,1,1
GR754656946079,Global International E.P.E.,"Economic Street 55, Patras, GR",GR,1,1
GR755070307514,Aegean Export O.E.,"Port Street 63, Athens, GR",GR,1,1
GR755481504660,Multinational & Commercial O.E.,"Corporate Road 64, Patras, GR",GR,1,1
GR759012483441,Greek Business Group MEPE,"Business Avenue 127, Patras, GR",GR,1,1
GR759384756010,Euro-Exchange E.E.,"Harbor Square 108, Athens, GR",GR,1,1
GR760821433792,Georgiou & Andreou IKE,"Export Street 156, Larissa, GR",GR,1,1
GR761893923294,Hellenic Competitive Trading IKE,"Warehouse Street 26, Heraklion, GR",GR,1,1
GR763164346552,Enterprise A.E. Athens,"Business Boulevard 113, Heraklion, GR",GR,1,1
GR764316955761,Commerce Distributors A.E.,"Harbor Boulevard 160, Thessaloniki, GR",GR,1,1
GR766222488833,Athens Business O.E.,"Factory Street 57, Patras, GR",GR,1,1
GR768518426199,Multinational IKE Athens,"Warehouse Boulevard 14, Patras, GR",GR,1,1
GR774261017157,Athens Exchange Group O.E.,"Port Square 120, Athens, GR",GR,1,1
GR774888153144,Mercantile Import-Export O.E.,"Manufacturing Road 96, Athens, GR",GR,1,1
GR779433352573,Athens Multinational O.E.,"Industrial Road 164, Thessaloniki, GR",GR,1,1
GR781999738369,Hellenic Business E.P.E.,"Market Square 30, Patras, GR",GR,1,1
GR783492175792,Mediterranean Worldwide O.E.,"Trade Road 157, Larissa, GR",GR,1,1
GR785153494348,Giannakos Commerce E.P.E.,"Economic Avenue 149, Larissa, GR",GR,1,1
GR789041525502,Aegean Trade Group IKE,"Economic Avenue 129, Athens, GR",GR,1,1
GR789605716938,Euro-Commerce E.P.E.,"Commercial Boulevard 197, Thessaloniki, GR",GR,1,1
GR791129272742,Worldwide Trading E.E.,"Commercial Avenue 48, Patras, GR",GR,1,1
GR791600981298,Olympic Multinational Group MEPE,"Trade Street 181, Thessaloniki, GR",GR,1,1
GR794259891007,Greek Trade Group A.E.,"Trade Street 44, Patras, GR",GR,1,1
GR794972283345,Export Group E.P.E.,"Port Boulevard 62, Heraklion, GR",GR,0,1
GR796299254438,Enterprise Giannakos E.E.,"Factory Square 197, Athens, GR",GR,1,1
GR798190127949,Hellenic Expert Commercial MEPE,"Industry Boulevard 200, Larissa, GR",GR,1,1
GR798900329680,Enterprise O.E. Greek,"Warehouse Boulevard 135, Heraklion, GR",GR,1,1
GR800138432388,Giannakos Mercantile E.E.,"Market Street 41, Larissa, GR",GR,1,1
GR801339320159,Universal Trading IKE,"Corporate Square 59, Larissa, GR",GR,1,1
GR802477218996,Trading International E.E.,"Port Street 199, Patras, GR",GR,1,1
GR802761967769,Georgiou & Georgiou E.E.,"Business Square 21, Athens, GR",GR,1,1
GR802774149847,Alexiou & Giannakos E.E.,"Export Boulevard 64, Heraklion, GR",GR,1,1
GR803627488393,Hellenic-Commerce E.E.,"Distribution Street 98, Larissa, GR",GR,1,1
GR807222475061,Hellenic Trade MEPE,"Warehouse Street 66, Thessaloniki, GR",GR,1,1
GR809458593707,Andreou Market O.E.,"Economic Street 12, Larissa, GR",GR,1,1
GR810443105402,Hellenic Commercial E.P.E.,"Export Boulevard 56, Heraklion, GR",GR,1,1
GR810691666776,Olympic Trade E.E.,"Industry Square 56, Heraklion, GR",GR,1,1
GR812403421784,Athens Trade A.E.,"Enterprise Boulevard 43, Patras, GR",GR,1,1
GR813374344358,Athens Trading E.E.,"Commercial Street 79, Patras, GR",GR,1,1
GR814014712171,Nikolaou Export E.P.E.,"Manufacturing Boulevard 78, Thessaloniki, GR",GR,1,1
GR814726776777,International International A.E.,"Distribution Street 189, Heraklion, GR",GR,1,1
GR815639153524,Stellar Enterprise Trading MEPE,"Business Boulevard 5, Thessaloniki, GR",GR,1,1
GR817137674634,Giannakos & Georgiou A.E.,"Commercial Avenue 7, Thessaloniki, GR",GR,1,1
GR817785044498,Giannakos & Alexiou E.E.,"Market Boulevard 178, Patras, GR",GR,1,1
GR820237629647,Antoniou & Nikolaou MEPE,"Logistics Street 188, Thessaloniki, GR",GR,1,1
GR823277748556,Antoniou & Andreou A.E.,"Commerce Road 103, Larissa, GR",GR,1,1
GR823351773434,Euro-Universal A.E.,"Logistics Road 166, Patras, GR",GR,1,1
GR826957841743,Olympic Universal Commerce O.E.,"Industrial Street 132, Athens, GR",GR,1,1
GR828124480430,Dimitriou Enterprise E.P.E.,"Commerce Road 160, Larissa, GR",GR,1,1
GR832112677189,Mediterranean Global Group E.P.E.,"Industrial Avenue 187, Heraklion, GR",GR,1,1
GR833127538256,Preferred Commerce Commerce A.E.,"Manufacturing Square 46, Athens, GR",GR,1,1
GR834151250363,Papadopoulos Enterprise O.E.,"Economic Avenue 191, Larissa, GR",GR,1,1
GR834798052358,Athens-Commerce MEPE,"Enterprise Street 42, Heraklion, GR",GR,1,1
GR837197258879,Global O.E. Hellenic,"Export Street 115, Athens, GR",GR,1,1
GR839858334780,Trading & Enterprise A.E.,"Commerce Square 18, Thessaloniki, GR",GR,1,1
GR841995238189,Professional Trading Distributors O.E.,"Industrial Boulevard 28, Thessaloniki, GR",GR,1,1
GR842463444237,Alexiou Exchange O.E.,"Trade Boulevard 55, Thessaloniki, GR",GR,1,1
GR847324001931,Hellenic International E.E.,"Manufacturing Street 32, Larissa, GR",GR,1,1
GR847438270067,Trading International MEPE,"Export Avenue 26, Heraklion, GR",GR,1,1
GR849645711903,Trading Antoniou A.E.,"Corporate Street 136, Patras, GR",GR,1,1
GR852103800124,International & Trading E.P.E.,"Market Square 2, Larissa, GR",GR,1,1
GR852247910982,Exchange MEPE Olympic,"Economic Boulevard 155, Thessaloniki, GR",GR,1,1
GR852315887301,Olympic Market MEPE,"Corporate Avenue 28, Thessaloniki, GR",GR,1,1
GR852776499592,Multinational A.E. Olympic,"Market Street 71, Athens, GR",GR,1,1
GR853061154858,Exchange Papadakis MEPE,"Harbor Avenue 71, Thessaloniki, GR",GR,1,1
GR853942461036,Dimitriou & Vasileiou O.E.,"Corporate Street 24, Athens, GR",GR,1,1
GR858750884868,Exchange International MEPE,"Business Avenue 176, Patras, GR",GR,1,1
GR860049141953,Aegean Optimal Business A.E.,"Port Road 122, Thessaloniki, GR",GR,1,1
GR860163150036,Mercantile & Universal IKE,"Corporate Street 150, Larissa, GR",GR,1,1
GR860877382473,Worldwide E.P.E. Aegean,"Industrial Avenue 55, Heraklion, GR",GR,1,1
GR864689724114,Universal E.P.E. Greek,"Manufacturing Square 90, Larissa, GR",GR,1,1
GR865112337652,Responsive Business Mercantile E.P.E.,"Economic Boulevard 9, Athens, GR",GR,1,1
GR865477601613,Antoniou & Alexiou E.E.,"Economic Avenue 21, Patras, GR",GR,1,1
GR868439080912,International IKE Greek,"Business Road 89, Thessaloniki, GR",GR,1,1
GR868973038568,Multinational & Worldwide O.E.,"Trade Boulevard 187, Heraklion, GR",GR,1,1
GR877635876172,Eastern Commerce Mercantile MEPE,"Factory Boulevard 26, Thessaloniki, GR",GR,1,1
GR877790891388,Euro-Commerce IKE,"Business Avenue 128, Heraklion, GR",GR,1,1
GR880522396521,Greek Stellar Export A.E.,"Industrial Street 39, Thessaloniki, GR",GR,1,1
GR881489812018,Aegean Global Group O.E.,"Corporate Road 124, Patras, GR",GR,1,1
GR881662997570,Export Import-Export A.E.,"Industrial Boulevard 177, Larissa, GR",GR,1,1
GR886895338763,Georgiou Enterprise E.P.E.,"Industry Boulevard 174, Patras, GR",GR,1,1
GR887630687955,Innovative Business Trading O.E.,"Industry Boulevard 119, Patras, GR",GR,1,1
GR887946796919,Hellenic Premium Multinational E.P.E.,"Industry Square 185, Patras, GR",GR,1,1
GR890177391895,Universal Papadopoulos MEPE,"Corporate Road 30, Larissa, GR",GR,1,1
GR890697556057,Antoniou & Giannakos MEPE,"Export Boulevard 85, Patras, GR",GR,1,1
GR891724180410,Mediterranean Exchange Group A.E.,"Port Road 89, Larissa, GR",GR,1,1
GR891792745592,Export Giannakos E.P.E.,"Warehouse Road 183, Heraklion, GR",GR,1,1
GR892366805041,Mediterranean Enterprise O.E.,"Distribution Street 94, Athens, GR",GR,1,1
GR895321096150,Athens Business MEPE,"Export Square 62, Athens, GR",GR,1,1
GR895501311201,Trading & Business E.E.,"Export Road 121, Athens, GR",GR,1,1
GR899473011633,Global Andreou IKE,"Corporate Street 68, Larissa, GR",GR,1,1
GR899866892234,Olympic Superb Multinational E.E.,"Enterprise Avenue 10, Thessaloniki, GR",GR,1,1
GR900152204368,Olympic Universal Group IKE,"Commerce Square 37, Athens, GR",GR,1,1
GR900174911339,Greek Mercantile O.E.,"Industry Street 193, Larissa, GR",GR,1,1
GR900514947485,Export Distributors A.E.,"Commercial Boulevard 196, Athens, GR",GR,1,1
GR903601819017,Market & Market E.P.E.,"Port Road 108, Heraklion, GR",GR,1,1
GR905365054102,Mercantile Vasileiou O.E.,"Market Road 126, Larissa, GR",GR,1,1
GR908340801365,Hellenic Global Services MEPE,"Logistics Road 52, Thessaloniki, GR",GR,0,1
GR914777151502,Athens Mercantile Group MEPE,"Business Road 182, Patras, GR",GR,1,1
GR916075577800,Antoniou & Papadakis E.P.E.,"Business Square 45, Thessaloniki, GR",GR,1,1
GR923055140332,Specialized Trade Distributors O.E.,"Harbor Square 67, Heraklion, GR",GR,1,1
GR925167549924,Global Multinational Distributors MEPE,"Logistics Street 95, Heraklion, GR",GR,1,1
GR926473566162,Euro-Commerce O.E.,"Distribution Boulevard 97, Heraklion, GR",GR,1,1
GR927571580681,Global & Exchange MEPE,"Market Street 124, Patras, GR",GR,1,1
GR929078846758,Universal International E.P.E.,"Trade Square 138, Larissa, GR",GR,1,1
GR929891079027,Greek Business A.E.,"Business Square 94, Athens, GR",GR,1,1
GR930521027059,Global & Worldwide MEPE,"Corporate Street 111, Larissa, GR",GR,1,1
GR932416784549,Alexiou Global O.E.,"Export Boulevard 142, Patras, GR",GR,1,1
GR933551017977,Aegean Multinational Group A.E.,"Logistics Avenue 126, Larissa, GR",GR,1,1
GR935212028216,Aegean Export A.E.,"Warehouse Boulevard 18, Athens, GR",GR,1,1
GR936852397226,Euro-Universal O.E.,"Port Avenue 124, Heraklion, GR",GR,1,1
GR939891857468,Greek Global Group IKE,"Port Road 144, Thessaloniki, GR",GR,1,1
GR941810152684,International International E.E.,"Export Road 178, Athens, GR",GR,1,1
GR944255307678,Enterprise O.E. Athens,"Market Square 77, Patras, GR",GR,1,1
GR951283114759,Enterprise International A.E.,"Economic Avenue 7, Larissa, GR",GR,1,1
GR951763358763,Euro-Trading E.E.,"Business Street 187, Larissa, GR",GR,1,1
GR955728867271,Georgiou & Papadopoulos O.E.,"Warehouse Square 114, Thessaloniki, GR",GR,1,1
GR956472869782,Commercial Distributors E.P.E.,"Export Avenue 191, Patras, GR",GR,1,1
GR959353715645,Exchange O.E. Mediterranean,"Industry Street 120, Heraklion, GR",GR,1,1
GR964037544507,Giannakos International E.P.E.,"Market Avenue 16, Larissa, GR",GR,1,1
GR967497172508,Athens Universal E.P.E.,"Warehouse Street 166, Athens, GR",GR,1,1
GR967510947371,Hellenic-Trade E.E.,"Economic Street 118, Patras, GR",GR,1,1
GR968360056844,Hellenic Worldwide Group MEPE,"Commercial Road 6, Larissa, GR",GR,1,1
GR969582458058,Olympic Business O.E.,"Enterprise Street 190, Patras, GR",GR,1,1
GR969616202300,Mediterranean Multinational Group IKE,"Industrial Boulevard 151, Patras, GR",GR,1,1
GR970001405779,Antoniou & Papadopoulos O.E.,"Harbor Road 24, Thessaloniki, GR",GR,1,1
GR970438531944,Exchange & Export O.E.,"Corporate Boulevard 175, Patras, GR",GR,1,1
GR971734723747,Multinational Vasileiou E.P.E.,"Factory Avenue 76, Heraklion, GR",GR,1,1
GR974217492590,Commercial & Enterprise E.P.E.,"Commercial Square 41, Larissa, GR",GR,1,1
GR974896246478,Euro-International A.E.,"Warehouse Square 101, Athens, GR",GR,1,1
GR975069753097,Commercial International IKE,"Distribution Square 160, Patras, GR",GR,1,1
GR979285855684,Athens-Exchange O.E.,"Export Road 122, Heraklion, GR",GR,1,1
GR982447358927,Exemplary Trade Distributors A.E.,"Business Road 80, Larissa, GR",GR,1,1
GR982584589780,Exchange A.E. Aegean,"Manufacturing Street 19, Thessaloniki, GR",GR,1,1
GR990663419432,Enterprise & Trading A.E.,"Export Boulevard 161, Thessaloniki, GR",GR,1,1
GR991909605516,Specialized Business Import-Export O.E.,"Distribution Avenue 188, Heraklion, GR",GR,0,1
GR993427328918,Athens Mercantile E.P.E.,"Harbor Boulevard 10, Larissa, GR",GR,1,1
GR994856620287,Mediterranean Central Multinational A.E.,"Factory Street 146, Patras, GR",GR,1,1
GR995629390935,Exchange & Multinational MEPE,"Port Boulevard 2, Heraklion, GR",GR,1,1
GR998563187480,Vasileiou Export E.P.E.,"Industrial Avenue 16, Heraklion, GR",GR,1,1
GR998677408765,Euro-Global O.E.,"Commerce Road 3, Thessaloniki, GR",GR,1,1
GR998800042915,Commerce & Commercial MEPE,"Commerce Avenue 188, Larissa, GR",GR,1,1
GR998848574527,Athens Multinational Group MEPE,"Distribution Avenue 8, Athens, GR",GR,1,1
